,Open,High,Close
0,204.990005,209.710007,197.369995
1,197.929993,201.990005,200.860001
2,203.910004,205.139999,202.070007
3,196.330002,197.669998,196.880005
4,202.029999,209.419998,207.630005
5,210.589996,211.229996,205.710007
6,206.210007,207.199997,202.770004
7,186.740005,193.75,190.899994
8,194.800003,200.479996,197.789993
9,198.539993,198.600006,193.809998
10,191.380005,194.199997,187.710007
11,185.039993,186.5,182.0
12,180.25,185.179993,172.919998
13,175.130005,178.289993,173.440002
14,167.460007,177.350006,174.479996
15,177.309998,183.800003,183.259995
16,180.800003,182.339996,180.449997
17,180.369995,185.809998,184.130005
18,184.520004,186.220001,180.130005
19,178.080002,186.440002,183.25
20,188.279999,198.0,197.580002
21,199.300003,200.660004,191.149994
22,195.259995,199.309998,192.220001
23,191.649994,192.360001,190.410004
24,194.419998,197.389999,191.809998
25,192.0,192.350006,189.190002
26,193.130005,195.289993,193.880005
27,195.580002,197.330002,195.279999
28,197.529999,207.789993,207.460007
29,199.910004,202.690002,194.770004
30,197.320007,198.740005,192.580002
31,190.520004,190.679993,185.520004
32,183.080002,186.389999,185.059998
33,179.940002,185.100006,184.509995
34,186.690002,189.190002,186.789993
35,190.740005,191.580002,180.539993
36,182.960007,186.5,185.899994
37,183.949997,186.279999,185.0
38,186.320007,189.690002,187.039993
39,187.149994,187.690002,184.309998
40,179.100006,183.5,180.589996
41,166.169998,169.699997,162.990005
42,164.800003,166.0,165.080002
43,164.649994,165.649994,162.550003
44,159.820007,163.470001,160.669998
45,160.289993,160.669998,153.75
46,152.639999,160.479996,160.190002
47,160.899994,165.0,164.309998
48,163.169998,163.279999,161.830002
49,161.880005,165.490005,160.309998
50,160.009995,165.0,160.610001
51,162.710007,162.949997,161.199997
52,163.970001,170.789993,170.059998
53,173.720001,173.800003,171.789993
54,168.949997,169.820007,169.149994
55,172.550003,174.429993,168.539993
56,168.699997,173.570007,172.080002
57,176.070007,177.380005,167.979996
58,167.660004,169.759995,166.350006
59,165.649994,169.520004,166.520004
60,168.410004,174.5,173.860001
61,174.220001,177.059998,176.889999
62,177.169998,181.949997,180.139999
63,180.699997,189.320007,188.869995
64,186.199997,192.960007,185.770004
65,182.229996,184.220001,182.899994
66,186.539993,186.779999,184.470001
67,184.619995,198.600006,193.169998
68,200.100006,204.479996,201.160004
69,199.779999,203.949997,203.929993
70,202.589996,209.800003,207.520004
71,210.149994,217.25,213.970001
72,217.800003,221.289993,217.610001
73,216.139999,221.910004,221.309998
74,228.0,230.830002,224.570007
75,224.220001,235.229996,234.860001
76,249.070007,252.419998,244.399994
77,247.940002,250.970001,249.830002
78,253.509995,259.679993,258.709991
79,260.170013,261.570007,256.790009
80,248.399994,258.950012,255.899994
81,258.920013,263.600006,260.540009
82,261.5,274.75,274.450012
83,275.130005,276.98999,259.459991
84,250.770004,265.0,264.609985
85,259.290009,262.450012,256.600006
86,250.070007,258.369995,241.050003
87,243.240005,250.389999,250.210007
88,249.699997,259.880005,256.23999
89,258.029999,260.73999,257.5
90,260.600006,264.450012,261.769989
91,276.48999,284.25,279.820007
92,278.820007,283.850006,282.480011
93,278.089996,279.970001,276.540009
94,278.429993,280.779999,274.429993
95,276.470001,277.519989,269.609985
96,268.649994,270.899994,269.790009
97,276.329987,276.519989,271.98999
98,274.589996,279.450012,277.899994
99,277.01001,285.299988,281.380005
100,286.630005,292.230011,290.380005
101,290.149994,295.26001,293.339996
102,296.040009,299.290009,291.26001
103,279.559998,280.929993,262.899994
104,268.0,268.0,260.019989
105,255.850006,269.850006,269.059998
106,272.380005,272.899994,265.279999
107,263.25,268.040009,264.350006
108,268.309998,269.130005,255.710007
109,259.859985,267.25,266.440002
110,267.480011,269.079987,267.429993
111,266.26001,266.470001,261.070007
112,255.570007,259.519989,254.110001
113,252.039993,260.48999,259.320007
114,260.970001,264.769989,253.860001
115,251.449997,253.649994,251.449997
116,247.449997,250.919998,249.699997
117,250.869995,251.100006,242.190002
118,245.399994,251.800003,245.339996
119,241.770004,243.789993,242.649994
120,235.699997,240.660004,239.759995
121,238.729996,240.5,232.960007
122,228.020004,233.970001,225.600006
123,347.910004,349.0,347.959991
124,342.850006,344.130005,337.5
125,337.5,341.910004,334.880005
126,331.230011,331.279999,323.649994
127,319.299988,321.5,317.149994
128,323.869995,330.0,323.029999
129,323.700012,327.619995,322.130005
130,321.549988,326.600006,313.480011
131,310.959991,315.570007,311.880005
132,315.450012,317.48999,315.179993
133,317.0,323.299988,312.029999
134,312.679993,314.299988,308.470001
135,309.290009,311.829987,311.790009
136,312.079987,312.51001,297.779999
137,297.899994,298.790009,292.76001
138,287.339996,299.23999,293.51001
139,295.970001,297.450012,294.940002
140,292.51001,306.309998,303.790009
141,304.75,316.600006,310.059998
142,310.059998,310.76001,303.5
143,299.790009,307.5,305.130005
144,306.320007,307.920013,305.790009
145,306.309998,306.450012,293.899994
146,304.679993,322.779999,320.369995
147,320.630005,331.829987,328.390015
148,327.549988,336.440002,327.660004
149,326.059998,333.320007,323.519989
150,326.290009,332.850006,332.029999
151,340.269989,343.290009,338.429993
152,340.049988,345.839996,345.480011
153,341.829987,348.579987,348.279999
154,348.48999,349.799988,346.75
155,345.299988,345.429993,342.350006
156,339.339996,340.480011,339.329987
157,335.269989,339.880005,338.98999
158,343.450012,347.140015,338.209991
159,340.809998,342.799988,331.029999
160,339.98999,346.429993,346.190002
161,342.940002,344.850006,338.630005
162,338.0,338.390015,332.720001
163,335.0,337.190002,333.700012
164,324.209991,325.75,323.119995
165,320.390015,331.429993,325.350006
166,323.0,328.290009,327.980011
167,330.200012,334.660004,329.019989
168,328.5,328.660004,322.549988
169,321.359985,325.899994,321.149994
170,324.299988,327.450012,325.850006
171,325.23999,330.809998,329.929993
172,329.440002,331.230011,324.119995
173,325.0,326.070007,317.549988
174,317.549988,324.619995,319.299988
175,319.01001,323.609985,320.779999
176,323.609985,324.149994,322.76001
177,322.98999,332.559998,331.209991
178,330.670013,336.320007,332.140015
179,335.209991,337.109985,335.420013
180,334.980011,345.470001,344.76001
181,344.76001,348.170013,339.890015
182,340.619995,341.899994,335.890015
183,334.0,335.170013,333.75
184,331.76001,341.380005,339.959991
185,347.25,375.869995,371.290009
186,369.859985,369.98999,365.359985
187,365.359985,372.01001,363.01001
188,360.23999,364.170013,355.98999
189,356.929993,367.149994,364.850006
190,359.609985,367.450012,359.0
191,361.100006,383.76001,378.880005
192,397.480011,405.109985,392.980011
193,391.890015,396.26001,395.230011
194,397.410004,407.519989,403.130005
195,402.890015,406.579987,400.470001
196,400.470001,413.859985,403.540009
197,405.0,405.119995,399.290009
198,410.429993,418.950012,399.769989
199,399.769989,409.540009,409.369995
200,424.5,425.899994,420.019989
201,418.829987,424.700012,423.970001
202,430.01001,437.269989,435.730011
203,434.98999,447.329987,440.859985
204,444.100006,448.649994,445.269989
205,446.149994,447.51001,431.959991
206,430.179993,440.0,434.700012
207,432.649994,434.549988,424.450012
208,422.929993,424.709991,422.480011
209,418.589996,425.820007,424.019989
210,422.440002,430.959991,415.940002
211,417.390015,420.880005,417.079987
212,423.100006,437.290009,429.839996
213,434.329987,437.850006,428.23999
214,431.100006,444.119995,440.48999
215,439.76001,441.549988,441.440002
216,444.910004,450.970001,445.899994
217,440.0,442.799988,438.839996
218,438.600006,442.329987,438.100006
219,438.519989,444.410004,441.709991
220,438.649994,440.799988,440.209991
221,444.549988,445.410004,444.049988
222,447.0,451.670013,450.380005
223,452.790009,456.480011,441.910004
224,445.570007,456.679993,450.049988
225,451.0,478.149994,474.799988
226,476.859985,485.0,477.589996
227,447.0,448.5,437.420013
228,437.369995,438.23999,427.5
229,425.0,428.640015,428.369995
230,427.179993,430.880005,427.700012
231,424.200012,425.26001,422.670013
232,426.899994,427.519989,413.170013
233,415.559998,427.470001,425.779999
234,426.51001,439.130005,438.970001
235,437.369995,445.25,438.619995
236,435.230011,435.559998,429.700012
237,427.799988,441.929993,431.0
238,433.059998,436.5,431.600006
239,436.459991,441.109985,440.76001
240,440.359985,443.570007,438.299988
241,439.73999,440.619995,428.899994
242,431.119995,438.119995,429.980011
243,428.980011,430.630005,421.660004
244,421.98999,428.850006,427.779999
245,424.410004,429.119995,423.700012
246,423.730011,424.51001,415.450012
247,9.57,9.71,9.2
248,9.01,9.1,8.47
249,8.48,8.625,8.36
250,8.42,8.48,8.17
251,7.94,8.2,8.09
252,8.12,8.23,8.03
253,7.96,8.097,7.84
254,7.83,7.91,7.69
255,7.59,8.03,7.97
256,8.0,8.5,8.33
257,8.34,8.45,8.28
258,8.275,8.425,8.28
259,8.36,8.58,8.13
260,8.07,8.26,7.69
261,7.59,7.68,7.35
262,7.29,8.15,7.87
263,8.05,8.14,7.89
264,7.81,7.99,7.9
265,8.01,8.08,7.98
266,7.93,8.03,7.88
267,7.765,8.095,8.08
268,8.2,8.51,8.45
269,8.44,8.62,8.21
270,8.32,8.56,8.33
271,8.29,8.35,8.2
272,8.15,8.32,8.04
273,8.06,8.12,8.0
274,8.09,8.25,8.22
275,8.33,8.38,8.15
276,8.15,8.48,8.45
277,8.37,8.53,8.38
278,8.53,8.54,8.35
279,8.63,8.65,7.98
280,7.88,8.14,8.09
281,8.0,8.44,8.39
282,8.35,8.79,8.61
283,8.75,8.775,8.33
284,8.5,8.7,8.58
285,8.53,8.91,8.81
286,8.81,9.04,8.8
287,8.93,9.02,8.73
288,8.58,8.658,8.49
289,8.29,8.5,8.15
290,8.14,8.22,8.18
291,8.16,8.25,8.1
292,8.0,8.02,7.74
293,7.87,7.91,7.74
294,7.83,7.91,7.82
295,7.77,8.0,7.75
296,7.75,7.82,7.78
297,7.72,7.91,7.59
298,7.62,7.68,7.56
299,7.47,7.52,7.38
300,7.44,7.55,7.41
301,7.64,7.855,7.74
302,9.22,9.69,9.55
303,9.73,10.3,9.94
304,10.14,10.159,9.88
305,9.86,10.01,9.5
306,9.21,9.6,9.52
307,9.4,9.63,9.47
308,9.54,10.285,10.25
309,10.46,11.81,11.74
310,11.97,12.41,11.71
311,11.62,12.105,11.84
312,11.95,13.42,12.64
313,12.05,12.43,12.23
314,13.18,13.22,12.84
315,12.84,14.195,13.65
316,14.44,15.005,14.71
317,14.19,14.79,14.71
318,14.46,15.22,14.54
319,14.65,15.03,14.52
320,14.365,15.7,15.24
321,15.3,15.58,15.46
322,16.01,17.16,14.69
323,14.44,15.59,15.19
324,15.36,15.98,15.02
325,15.44,16.030001,15.65
326,16.18,16.27,16.0
327,15.93,16.190001,15.91
328,15.66,16.790001,16.6
329,16.870001,16.91,16.299999
330,15.99,16.889999,15.79
331,15.66,15.755,14.64
332,14.3,14.44,14.05
333,13.64,14.14,14.03
334,13.87,14.42,13.94
335,14.22,14.76,14.61
336,14.53,15.43,15.28
337,15.4,15.57,15.2
338,15.48,15.8,15.33
339,15.49,15.59,15.52
340,15.425,15.77,15.7
341,15.32,15.383,15.13
342,15.23,15.9,15.34
343,15.37,16.33,16.299999
344,16.469999,16.93,16.49
345,16.780001,16.940001,16.59
346,16.700001,17.26,16.74
347,16.76,17.0,16.4
348,16.42,17.59,17.4
349,17.879999,18.129999,18.08
350,18.02,18.995001,18.049999
351,17.540001,18.0,17.129999
352,17.469999,17.49,16.43
353,16.610001,16.690001,16.32
354,16.35,16.860001,16.549999
355,16.4,16.690001,16.43
356,16.799999,17.190001,16.15
357,17.209999,17.969999,17.809999
358,18.82,19.995001,19.84
359,19.459999,20.24,19.99
360,19.26,19.620001,18.969999
361,18.629999,19.299999,18.709999
362,18.874001,19.08,18.200001
363,18.25,18.389999,17.99
364,17.49,17.49,17.040001
365,16.76,16.92,15.25
366,15.44,15.87,15.41
367,15.05,15.58,15.41
368,15.2,15.74,15.72
369,15.61,15.87,15.37
370,15.21,15.725,15.45
371,97.800003,97.940002,97.199997
372,95.339996,95.610001,94.580002
373,95.099998,97.010002,95.790001
374,96.120003,96.43,95.82
375,93.529999,94.139999,93.5
376,94.279999,94.779999,93.760002
377,93.139999,94.690002,94.230003
378,93.870003,94.68,92.169998
379,91.410004,92.230003,92.129997
380,92.739998,94.940002,94.900002
381,95.190002,96.550003,93.75
382,94.059998,95.089996,93.550003
383,93.599998,94.169998,93.919998
384,93.68,96.209999,92.25
385,92.669998,93.57,90.730003
386,89.970001,94.019997,92.43
387,93.830002,95.07,94.879997
388,93.220001,96.669998,96.199997
389,95.75,100.989998,100.040001
390,99.790001,100.660004,98.949997
391,98.410004,98.480003,97.709999
392,98.139999,100.849998,100.610001
393,100.449997,102.099998,98.699997
394,100.43,101.059998,98.709999
395,98.07,98.300003,98.129997
396,99.07,99.339996,98.040001
397,98.110001,98.440002,97.239998
398,98.690002,100.419998,100.25
399,101.550003,103.040001,102.0
400,102.160004,103.489998,103.290001
401,102.300003,103.290001,102.410004
402,102.75,104.199997,103.949997
403,103.910004,103.910004,101.099998
404,100.75,102.379997,102.059998
405,100.959999,102.199997,102.169998
406,100.800003,101.0,99.919998
407,100.400002,100.510002,97.830002
408,98.949997,102.57,102.400002
409,102.07,103.199997,102.510002
410,103.160004,103.730003,102.739998
411,103.949997,104.199997,102.300003
412,101.580002,105.120003,104.300003
413,103.529999,105.25,103.809998
414,106.099998,108.150002,106.959999
415,107.660004,109.230003,106.209999
416,104.910004,105.449997,102.57
417,105.040001,106.620003,104.980003
418,108.160004,110.860001,109.82
419,107.730003,109.480003,105.449997
420,104.949997,105.230003,102.050003
421,101.470001,103.900002,103.629997
422,103.739998,105.959999,103.650002
423,104.040001,105.389999,104.0
424,104.269997,105.760002,105.660004
425,105.040001,106.099998,105.830002
426,105.480003,106.790001,106.620003
427,108.099998,110.669998,110.190002
428,111.029999,113.279999,112.18
429,112.160004,112.639999,110.260002
430,111.150002,112.290001,111.199997
431,111.050003,114.790001,113.400002
432,114.889999,115.830002,115.5
433,116.690002,118.599998,118.150002
434,118.160004,118.309998,116.25
435,116.769997,116.769997,115.010002
436,114.269997,117.139999,114.989998
437,115.349998,117.339996,116.75
438,116.629997,116.870003,115.0
439,116.040001,121.5,120.110001
440,122.370003,122.919998,121.660004
441,121.449997,122.040001,120.580002
442,120.690002,123.489998,122.769997
443,124.919998,126.389999,124.25
444,123.360001,125.800003,125.300003
445,125.07,127.400002,126.610001
446,127.010002,127.370003,121.230003
447,123.010002,125.629997,124.25
448,124.080002,125.800003,123.43
449,124.019997,126.779999,126.57
450,128.119995,128.410004,126.660004
451,126.699997,126.949997,126.419998
452,125.209999,127.690002,127.110001
453,127.709999,127.900002,125.489998
454,124.970001,127.25,125.779999
455,125.639999,126.730003,124.830002
456,125.309998,130.330002,130.149994
457,129.110001,130.839996,129.330002
458,129.330002,131.490005,127.330002
459,128.630005,130.089996,129.179993
460,128.940002,131.479996,129.039993
461,128.770004,129.259995,127.900002
462,129.470001,131.25,130.360001
463,130.820007,131.850006,130.220001
464,130.240005,131.399994,130.380005
465,128.25,128.729996,128.360001
466,128.589996,130.970001,129.779999
467,129.070007,129.279999,127.129997
468,127.75,129.770004,128.779999
469,130.309998,131.259995,130.800003
470,134.039993,134.669998,134.300003
471,134.059998,136.649994,134.679993
472,134.559998,135.619995,133.559998
473,132.710007,133.860001,132.830002
474,133.389999,135.990005,135.360001
475,134.070007,134.789993,129.960007
476,131.339996,131.369995,130.0
477,130.309998,131.660004,128.800003
478,129.309998,129.580002,129.130005
479,126.510002,129.080002,128.149994
480,131.0,132.630005,128.25
481,129.690002,133.009995,132.210007
482,133.199997,133.869995,133.679993
483,133.550003,133.690002,131.690002
484,130.149994,130.229996,128.210007
485,127.480003,129.839996,128.910004
486,141.059998,143.630005,139.570007
487,140.990005,142.539993,142.220001
488,140.619995,140.839996,139.940002
489,139.970001,140.320007,137.850006
490,139.070007,140.410004,138.559998
491,137.399994,139.330002,138.410004
492,138.300003,140.589996,140.570007
493,140.050003,141.279999,137.669998
494,137.190002,137.270004,135.070007
495,101.0,101.089996,100.010002
496,96.5,97.625,95.099998
497,95.574997,95.889999,94.779999
498,100.099998,100.470001,94.160004
499,90.07,91.68,89.0
500,90.849998,91.239998,89.25
501,88.459999,89.339996,87.790001
502,92.919998,92.919998,89.949997
503,88.959999,90.918999,89.75
504,90.110001,90.459999,89.699997
505,89.584999,91.300003,89.620003
506,89.519997,90.050003,88.730003
507,87.389999,87.769997,86.949997
508,85.120003,85.690002,83.370003
509,82.639999,84.519997,82.959999
510,83.010002,83.754997,82.900002
511,82.860001,83.910004,83.849998
512,81.550003,82.540001,81.510002
513,81.459999,82.480003,82.220001
514,84.0,84.160004,81.669998
515,80.150002,81.900002,81.0
516,82.459999,84.087997,83.699997
517,84.839996,85.389999,83.650002
518,87.68,88.379997,86.519997
519,85.870003,88.110001,86.900002
520,87.129997,88.220001,86.120003
521,95.349998,99.510002,98.400002
522,97.589996,101.330002,99.919998
523,101.339996,105.050003,103.379997
524,102.860001,103.599998,102.18
525,100.889999,101.75,98.389999
526,98.940002,101.470001,100.720001
527,99.239998,100.449997,98.550003
528,98.529999,103.239998,102.739998
529,100.620003,102.830002,101.540001
530,102.459999,102.540001,99.760002
531,97.82,98.889999,93.839996
532,95.875,97.190002,96.169998
533,95.629997,96.120003,94.550003
534,96.739998,97.230003,96.419998
535,99.019997,99.169998,95.489998
536,94.599998,94.82,93.489998
537,93.349998,93.790001,90.739998
538,89.959999,90.190002,89.129997
539,88.400002,88.480003,86.889999
540,85.32,85.699997,82.919998
541,85.040001,85.220001,82.82
542,83.07,84.639999,84.470001
543,84.18,85.080002,84.690002
544,84.150002,85.279999,84.160004
545,83.150002,83.279999,81.529999
546,81.305,82.0,81.480003
547,82.389999,83.129997,82.489998
548,82.75,83.379997,83.220001
549,83.629997,83.699997,83.309998
550,80.544998,82.660004,82.220001
551,82.139999,84.5,82.949997
552,85.43,88.480003,87.889999
553,86.709999,86.709999,85.339996
554,87.129997,88.400002,88.339996
555,87.110001,89.370003,88.760002
556,88.459999,91.43,90.68
557,90.809998,91.0,85.769997
558,83.849998,85.199997,83.980003
559,85.669998,87.480003,86.099998
560,84.160004,84.974998,82.879997
561,82.165001,82.599998,81.209999
562,80.589996,80.709999,78.779999
563,79.900002,81.566002,80.970001
564,80.120003,80.699997,78.669998
565,79.580002,79.665001,79.550003
566,79.349998,84.0,83.0
567,85.080002,86.029999,84.269997
568,83.989998,84.57,84.400002
569,83.5,87.059998,86.699997
570,85.720001,86.949997,85.279999
571,85.169998,86.949997,86.139999
572,86.059998,86.837997,85.5
573,86.010002,87.290001,85.860001
574,87.959999,89.220001,87.510002
575,87.970001,90.120003,89.360001
576,91.459999,92.769997,92.199997
577,94.0,94.290001,92.099998
578,89.830002,90.199997,87.93
579,87.379997,89.160004,86.769997
580,86.779999,87.315002,86.889999
581,85.809998,85.938004,84.919998
582,85.32,86.709999,85.470001
583,86.82,87.614998,87.129997
584,85.75,85.75,84.589996
585,83.389999,83.989998,83.550003
586,83.230003,84.230003,83.349998
587,84.870003,85.635002,84.07
588,83.980003,84.690002,84.300003
589,83.120003,83.949997,83.839996
590,86.760002,91.57,90.550003
591,90.050003,92.040001,90.559998
592,91.019997,92.32,91.790001
593,94.110001,95.029999,94.0
594,95.029999,97.004997,96.610001
595,95.220001,96.089996,94.559998
596,92.25,93.550003,93.410004
597,91.540001,92.209999,91.199997
598,93.57,94.709999,92.089996
599,91.690002,93.120003,91.900002
600,92.889999,93.230003,92.169998
601,92.07,97.469002,96.349998
602,98.169998,98.489998,94.980003
603,94.949997,97.544998,97.139999
604,97.75,97.989998,95.440002
605,98.07,101.220001,100.550003
606,99.790001,102.5,102.160004
607,99.870003,101.160004,100.099998
608,97.720001,97.739998,95.07
609,96.709999,98.489998,97.580002
610,97.735001,98.489998,96.900002
611,97.779999,97.800003,96.559998
612,93.510002,94.480003,94.220001
613,96.025002,96.300003,94.849998
614,98.309998,101.839996,99.209999
615,97.339996,97.650002,95.720001
616,94.239998,94.449997,93.459999
617,93.0,93.010002,91.589996
618,89.629997,90.5,89.120003
619,35.080002,35.389999,35.349998
620,34.91,35.049999,34.52
621,34.360001,34.549999,34.290001
622,34.400002,34.599998,34.259998
623,33.860001,34.290001,34.209999
624,34.450001,34.689999,34.209999
625,34.349998,34.490002,34.299999
626,34.150002,34.490002,34.139999
627,33.66,33.700001,33.490002
628,33.650002,34.290001,34.16
629,34.240002,34.560001,34.09
630,33.849998,33.900002,33.0
631,32.66,32.970001,32.560001
632,32.279999,32.389999,30.540001
633,30.32,31.040001,30.27
634,28.92,29.719999,28.51
635,29.99,30.09,28.76
636,27.879999,28.559999,28.49
637,28.379999,29.469999,28.969999
638,28.66,28.66,27.82
639,28.24,28.43,27.75
640,28.629999,28.98,28.59
641,28.709999,28.74,27.639999
642,28.0,28.09,26.969999
643,26.6,27.290001,27.139999
644,27.93,28.65,28.49
645,28.379999,28.65,28.120001
646,28.49,28.77,28.67
647,28.92,29.059999,28.299999
648,28.620001,28.68,28.6
649,28.639999,28.98,28.59
650,28.549999,28.65,27.98
651,27.66,27.91,27.639999
652,27.719999,28.01,27.84
653,27.67,28.1,27.940001
654,28.02,28.75,28.709999
655,28.68,29.01,28.48
656,28.559999,28.639999,28.559999
657,29.299999,29.870001,29.52
658,29.77,30.41,30.370001
659,30.799999,30.93,30.559999
660,30.129999,30.200001,30.059999
661,29.84,30.23,29.9
662,29.75,29.98,29.870001
663,29.790001,29.9,29.76
664,29.450001,29.530001,28.84
665,28.76,28.940001,28.440001
666,28.52,29.08,28.889999
667,28.530001,29.43,29.280001
668,29.5,29.540001,29.040001
669,28.85,28.860001,28.16
670,28.16,28.5,27.860001
671,27.58,27.809999,26.99
672,27.620001,27.889999,27.709999
673,28.08,28.15,27.690001
674,27.42,27.83,27.66
675,27.959999,28.0,27.32
676,27.01,27.49,27.389999
677,27.52,27.549999,27.09
678,27.1,27.82,27.65
679,27.780001,27.9,27.360001
680,27.74,28.67,28.57
681,28.440001,28.5,28.469999
682,28.459999,28.67,28.110001
683,28.299999,28.450001,28.34
684,28.32,29.08,28.58
685,28.33,28.51,28.1
686,27.99,28.24,28.17
687,28.200001,28.4,28.309999
688,28.32,28.49,28.26
689,28.1,28.16,27.790001
690,27.76,27.98,27.780001
691,28.16,28.950001,28.709999
692,28.82,28.82,28.540001
693,28.459999,29.43,29.23
694,29.299999,29.65,29.48
695,29.280001,29.379999,29.23
696,29.200001,29.4,29.27
697,29.299999,29.559999,29.129999
698,29.129999,29.799999,29.4
699,29.57,29.73,29.120001
700,28.9,29.469999,29.370001
701,29.530001,29.68,29.190001
702,29.01,29.040001,28.870001
703,28.780001,29.0,28.57
704,28.5,28.530001,27.959999
705,27.74,27.889999,27.75
706,27.799999,28.280001,28.09
707,28.1,28.4,28.24
708,28.25,28.27,28.07
709,28.5,29.0,28.66
710,28.940001,29.110001,28.690001
711,28.700001,29.35,29.200001
712,29.139999,29.42,29.08
713,28.799999,28.82,28.280001
714,28.299999,28.82,28.530001
715,28.59,28.85,28.66
716,28.66,29.08,29.02
717,29.51,29.889999,29.360001
718,29.52,29.870001,29.67
719,30.0,30.1,29.110001
720,29.15,29.559999,29.4
721,30.0,30.860001,30.700001
722,30.889999,31.700001,31.530001
723,31.33,31.799999,31.690001
724,31.870001,32.110001,31.98
725,32.0,32.849998,32.650002
726,32.759998,32.790001,32.150002
727,32.240002,32.540001,32.41
728,32.43,32.740002,31.950001
729,32.150002,32.16,31.9
730,31.9,32.25,32.0
731,31.84,31.940001,31.620001
732,31.16,31.280001,31.190001
733,30.940001,31.549999,31.41
734,31.360001,31.67,31.299999
735,31.41,31.9,31.879999
736,31.299999,31.309999,31.27
737,31.219999,31.280001,30.860001
738,31.01,31.32,30.940001
739,30.799999,31.4,31.290001
740,31.049999,31.110001,30.93
741,30.5,30.549999,29.940001
742,29.75,29.84,29.290001
743,216.309998,217.399994,213.880005
744,210.0,214.940002,206.550003
745,207.070007,211.039993,207.539993
746,234.399994,238.880005,236.639999
747,232.25,234.740005,232.860001
748,236.699997,238.800003,235.009995
749,233.720001,238.25,232.160004
750,231.919998,232.559998,226.979996
751,224.880005,233.800003,233.139999
752,233.199997,239.0,238.899994
753,238.910004,242.479996,235.539993
754,236.0,241.25,232.880005
755,234.869995,242.0,241.809998
756,241.75,244.539993,234.360001
757,234.089996,236.270004,229.649994
758,227.520004,232.979996,229.660004
759,234.960007,242.190002,240.630005
760,237.610001,242.860001,242.279999
761,240.270004,255.880005,255.410004
762,259.820007,263.98999,257.25
763,256.149994,260.23999,259.0
764,261.799988,263.920013,261.98999
765,264.25,275.890015,264.679993
766,271.149994,274.98999,271.910004
767,270.309998,271.670013,267.790009
768,268.369995,270.0,265.309998
769,264.470001,265.130005,264.100006
770,268.25,270.779999,269.839996
771,272.290009,274.98999,273.829987
772,271.399994,278.339996,277.769989
773,275.089996,280.0,279.649994
774,279.660004,280.0,274.529999
775,268.290009,269.980011,268.809998
776,265.839996,270.799988,270.369995
777,268.230011,276.209991,275.790009
778,277.23999,277.899994,271.690002
779,273.700012,274.679993,264.950012
780,267.339996,268.869995,264.630005
781,265.040009,268.829987,267.579987
782,265.649994,270.059998,270.019989
783,275.329987,281.100006,276.670013
784,273.609985,280.0,279.309998
785,276.709991,280.299988,271.040009
786,269.519989,271.829987,271.190002
787,270.130005,273.660004,270.420013
788,270.779999,272.470001,262.410004
789,270.019989,273.299988,269.559998
790,273.630005,274.950012,272.26001
791,272.25,277.579987,277.48999
792,278.399994,290.579987,289.100006
793,286.799988,288.359985,282.100006
794,278.399994,283.670013,278.019989
795,276.51001,278.589996,275.619995
796,278.26001,287.549988,286.799988
797,285.220001,292.200012,291.51001
798,288.98999,289.730011,285.709991
799,290.049988,291.130005,288.850006
800,288.959991,289.5,285.779999
801,285.290009,287.799988,283.399994
802,285.079987,289.690002,289.529999
803,288.410004,298.700012,292.130005
804,295.839996,301.98999,301.779999
805,304.100006,318.279999,316.779999
806,315.359985,315.799988,312.640015
807,309.01001,315.200012,311.76001
808,310.0,312.880005,306.880005
809,302.100006,306.070007,305.380005
810,385.230011,394.799988,379.799988
811,378.899994,391.700012,389.459991
812,405.950012,419.380005,401.109985
813,394.880005,402.950012,378.339996
814,384.890015,400.5,397.700012
815,400.970001,405.0,393.269989
816,389.089996,395.649994,391.709991
817,388.299988,391.600006,386.540009
818,389.149994,394.98999,374.75
819,377.23999,388.640015,385.100006
820,390.369995,397.109985,387.700012
821,392.0,395.299988,394.820007
822,401.859985,411.01001,410.220001
823,408.23999,430.0,429.970001
824,426.019989,432.890015,426.529999
825,434.5,437.209991,426.920013
826,429.980011,439.899994,438.079987
827,435.01001,436.149994,430.450012
828,422.529999,434.26001,430.25
829,424.640015,428.089996,422.089996
830,424.609985,427.640015,406.320007
831,407.98999,419.399994,418.76001
832,406.600006,418.450012,411.170013
833,415.579987,416.0,408.220001
834,416.799988,425.5,423.019989
835,425.170013,428.980011,424.130005
836,421.350006,431.769989,423.170013
837,418.440002,421.790009,421.029999
838,423.220001,432.140015,425.029999
839,426.570007,428.109985,421.799988
840,424.809998,427.579987,424.049988
841,430.329987,439.350006,439.019989
842,445.179993,461.549988,459.769989
843,465.829987,480.880005,454.690002
844,462.890015,464.959991,464.609985
845,467.01001,478.959991,474.940002
846,474.640015,478.179993,470.769989
847,465.070007,470.869995,455.200012
848,457.880005,458.660004,443.089996
849,447.309998,451.089996,446.119995
850,449.410004,461.829987,456.790009
851,460.209991,460.529999,454.519989
852,465.190002,473.950012,459.0
853,466.679993,470.269989,467.5
854,467.540009,471.299988,467.290009
855,464.600006,469.0,465.070007
856,458.309998,458.399994,442.690002
857,438.0,451.179993,445.149994
858,449.850006,456.420013,446.799988
859,451.109985,455.399994,454.170013
860,448.529999,452.420013,446.640015
861,442.73999,443.119995,425.540009
862,421.600006,435.73999,423.880005
863,417.51001,420.179993,408.549988
864,404.859985,438.0,437.529999
865,445.600006,452.679993,439.399994
866,445.200012,446.75,434.859985
867,79.599998,79.650002,78.5
868,77.150002,78.459999,76.769997
869,76.93,78.129997,76.610001
870,80.629997,81.790001,79.75
871,77.75,78.809998,78.089996
872,79.639999,80.120003,78.769997
873,77.870003,80.139999,78.580002
874,78.550003,80.290001,78.290001
875,77.57,80.919998,80.440002
876,80.400002,81.629997,81.519997
877,82.029999,83.300003,81.160004
878,81.07,84.849998,82.110001
879,82.790001,85.769997,85.370003
880,85.290001,87.809998,84.029999
881,84.470001,85.449997,82.669998
882,81.389999,83.830002,82.010002
883,83.669998,88.300003,87.449997
884,86.769997,90.419998,89.68
885,89.720001,96.690002,96.599998
886,96.660004,98.75,97.839996
887,96.300003,96.940002,96.809998
888,97.0,99.459999,95.93
889,95.650002,101.699997,97.580002
890,100.050003,102.43,100.279999
891,99.18,99.519997,97.949997
892,98.019997,98.93,96.610001
893,96.769997,96.940002,94.559998
894,96.07,96.910004,96.089996
895,98.0,99.529999,97.879997
896,96.339996,98.360001,98.010002
897,96.699997,96.790001,96.559998
898,97.040001,97.269997,95.870003
899,94.349998,94.5,92.559998
900,91.470001,92.910004,92.470001
901,91.32,95.800003,95.480003
902,96.059998,96.07,94.029999
903,94.970001,95.0,92.330002
904,92.790001,93.160004,92.089996
905,91.82,92.970001,91.75
906,90.230003,90.690002,89.870003
907,91.610001,92.160004,89.779999
908,88.510002,90.540001,89.940002
909,88.830002,91.580002,90.110001
910,89.800003,89.800003,88.43
911,88.110001,88.639999,87.57
912,86.900002,87.059998,83.800003
913,86.510002,87.349998,85.940002
914,86.410004,87.57,87.440002
915,87.019997,89.75,89.370003
916,91.029999,91.040001,89.690002
917,89.32,90.459999,89.910004
918,83.540001,85.480003,81.620003
919,81.57,91.639999,86.610001
920,84.989998,90.43,89.839996
921,89.989998,95.660004,95.040001
922,94.889999,96.160004,95.059998
923,96.419998,99.940002,97.019997
924,98.160004,99.190002,97.099998
925,96.830002,97.449997,95.260002
926,95.199997,97.43,97.400002
927,97.389999,103.279999,101.480003
928,101.790001,104.139999,103.75
929,103.980003,108.099998,107.93
930,106.360001,107.290001,105.82
931,104.68,108.790001,108.0
932,107.25,110.989998,108.120003
933,105.980003,108.910004,108.269997
934,117.309998,120.690002,120.349998
935,122.459999,127.43,127.029999
936,130.419998,130.789993,125.269997
937,122.419998,123.959999,118.209999
938,117.290001,121.279999,119.470001
939,120.75,121.660004,117.860001
940,116.589996,119.32,117.93
941,117.910004,124.419998,124.230003
942,124.029999,125.339996,117.830002
943,118.300003,122.209999,121.050003
944,123.57,127.25,124.919998
945,128.520004,130.479996,129.190002
946,132.320007,132.830002,124.529999
947,126.529999,127.730003,127.330002
948,125.389999,125.699997,124.239998
949,125.82,125.849998,120.080002
950,119.089996,121.75,118.93
951,118.489998,119.190002,112.110001
952,112.239998,114.0,110.699997
953,109.309998,111.099998,110.010002
954,110.949997,112.550003,107.510002
955,108.57,110.970001,110.389999
956,108.209999,111.779999,110.169998
957,112.07,112.760002,111.239998
958,113.029999,114.690002,113.910004
959,115.160004,116.730003,115.82
960,116.099998,117.660004,113.949997
961,112.07,113.790001,113.480003
962,114.160004,115.330002,113.169998
963,113.0,113.610001,113.580002
964,111.660004,113.269997,111.32
965,112.889999,115.400002,114.580002
966,115.760002,116.160004,115.919998
967,116.169998,122.120003,115.940002
968,115.949997,118.839996,118.32
969,117.550003,118.43,117.93
970,121.300003,121.669998,116.43
971,114.959999,115.050003,110.25
972,110.970001,112.300003,110.949997
973,110.620003,111.309998,110.610001
974,111.139999,114.050003,113.0
975,111.910004,112.360001,110.089996
976,111.790001,115.080002,111.099998
977,113.379997,114.860001,112.959999
978,114.160004,114.68,114.400002
979,114.260002,118.190002,117.599998
980,119.489998,119.5,109.349998
981,108.949997,114.959999,113.150002
982,114.480003,118.849998,115.82
983,116.360001,119.080002,116.809998
984,114.940002,115.459999,113.230003
985,112.889999,113.150002,110.470001
986,111.300003,113.889999,110.230003
987,108.849998,109.07,107.57
988,106.75,111.989998,111.980003
989,111.989998,113.18,111.349998
990,110.089996,110.440002,107.190002
991,157.020004,161.110001,160.389999
992,159.649994,160.350006,158.0
993,158.5,158.850006,157.779999
994,157.710007,158.589996,157.729996
995,156.649994,156.850006,155.970001
996,156.449997,156.899994,155.630005
997,154.979996,155.270004,153.259995
998,153.009995,153.240005,152.570007
999,151.75,152.759995,152.449997
1000,153.369995,154.119995,154.020004
1001,154.660004,155.729996,155.559998
1002,156.089996,156.25,154.089996
1003,153.979996,154.199997,152.960007
1004,153.460007,153.600006,151.240005
1005,151.860001,153.490005,151.610001
1006,152.089996,155.910004,153.059998
1007,153.279999,154.029999,153.919998
1008,152.839996,154.889999,154.350006
1009,153.449997,154.369995,154.029999
1010,154.479996,154.949997,152.380005
1011,152.470001,154.070007,153.889999
1012,154.0,154.130005,153.889999
1013,153.850006,154.059998,151.050003
1014,151.179993,151.690002,151.130005
1015,151.479996,152.759995,152.649994
1016,154.199997,154.539993,153.300003
1017,152.389999,153.449997,151.820007
1018,152.240005,153.380005,153.309998
1019,153.580002,153.800003,153.429993
1020,153.789993,155.190002,155.0
1021,154.949997,157.009995,156.850006
1022,156.970001,158.970001,158.490005
1023,164.369995,165.660004,165.610001
1024,165.990005,167.229996,165.149994
1025,164.630005,164.839996,164.320007
1026,164.419998,165.279999,164.270004
1027,163.940002,164.839996,163.919998
1028,164.179993,166.330002,166.110001
1029,165.970001,166.119995,165.839996
1030,165.740005,166.240005,165.669998
1031,164.25,164.690002,161.009995
1032,161.990005,162.679993,162.529999
1033,162.429993,163.820007,163.580002
1034,164.440002,164.970001,162.690002
1035,162.690002,163.809998,163.679993
1036,164.309998,165.350006,165.179993
1037,164.089996,164.389999,162.619995
1038,162.899994,163.410004,163.0
1039,162.809998,163.759995,163.699997
1040,163.600006,164.300003,163.600006
1041,164.339996,165.479996,165.029999
1042,165.550003,166.179993,162.869995
1043,162.679993,162.899994,162.130005
1044,162.839996,163.130005,162.679993
1045,161.990005,162.570007,162.309998
1046,161.75,162.130005,161.050003
1047,161.199997,161.970001,161.649994
1048,161.830002,162.190002,160.990005
1049,161.360001,161.559998,160.779999
1050,160.800003,161.029999,159.550003
1051,159.059998,160.25,159.339996
1052,159.789993,160.059998,158.990005
1053,158.660004,158.929993,158.479996
1054,158.589996,159.929993,158.910004
1055,158.0,159.139999,156.869995
1056,157.100006,158.270004,156.809998
1057,157.080002,157.139999,156.660004
1058,156.050003,156.289993,154.410004
1059,154.690002,155.279999,154.350006
1060,153.970001,155.380005,154.369995
1061,154.699997,155.690002,155.059998
1062,154.539993,155.039993,154.539993
1063,154.720001,157.309998,156.970001
1064,156.75,158.639999,158.320007
1065,159.580002,159.610001,158.179993
1066,158.100006,158.800003,158.520004
1067,158.5,160.419998,160.259995
1068,160.419998,160.729996,160.009995
1069,160.0,160.25,159.899994
1070,159.729996,160.839996,160.740005
1071,161.600006,162.080002,161.559998
1072,162.050003,163.910004,163.729996
1073,164.479996,164.990005,164.229996
1074,164.259995,165.309998,164.130005
1075,163.580002,164.919998,163.880005
1076,163.899994,165.720001,165.619995
1077,166.110001,166.270004,165.479996
1078,164.979996,164.979996,163.630005
1079,163.679993,163.880005,163.289993
1080,163.199997,163.199997,162.960007
1081,162.639999,164.320007,164.100006
1082,164.860001,165.940002,165.520004
1083,164.339996,164.389999,163.350006
1084,162.990005,163.919998,162.809998
1085,162.25,162.369995,161.600006
1086,160.470001,161.039993,159.25
1087,159.429993,160.300003,159.509995
1088,159.130005,160.300003,158.630005
1089,158.940002,158.940002,158.080002
1090,158.0,159.130005,158.809998
1091,159.179993,160.229996,159.869995
1092,159.75,159.869995,159.070007
1093,159.070007,160.889999,159.059998
1094,157.910004,160.410004,158.740005
1095,161.940002,169.139999,168.380005
1096,168.179993,170.820007,170.190002
1097,171.5,173.820007,171.080002
1098,170.449997,172.679993,172.389999
1099,172.0,173.850006,172.720001
1100,172.179993,174.289993,173.690002
1101,174.0,175.360001,174.479996
1102,169.690002,170.220001,167.529999
1103,166.369995,169.089996,168.889999
1104,168.850006,171.240005,169.910004
1105,169.949997,171.320007,170.639999
1106,170.339996,172.679993,169.039993
1107,169.490005,173.339996,173.100006
1108,172.990005,173.550003,173.179993
1109,173.0,174.25,173.070007
1110,174.0,175.970001,172.169998
1111,172.479996,173.949997,173.850006
1112,173.520004,175.600006,173.440002
1113,172.800003,174.559998,172.940002
1114,172.529999,174.729996,172.389999
1115,150.199997,151.300003,148.479996
1116,148.869995,149.949997,148.910004
1117,150.089996,150.339996,149.399994
1118,147.110001,147.190002,146.710007
1119,147.710007,149.169998,147.919998
1120,147.050003,149.080002,147.410004
1121,146.830002,147.229996,145.309998
1122,144.380005,146.710007,145.910004
1123,148.039993,151.110001,151.029999
1124,153.789993,156.300003,153.830002
1125,153.699997,154.029999,151.600006
1126,152.809998,153.470001,152.869995
1127,153.559998,154.539993,150.589996
1128,150.210007,150.940002,148.5
1129,147.809998,153.139999,150.470001
1130,151.279999,153.399994,152.589996
1131,151.190002,153.25,152.990005
1132,152.160004,156.460007,155.850006
1133,156.080002,156.740005,155.0
1134,155.070007,157.820007,157.399994
1135,157.320007,159.399994,159.279999
1136,159.300003,162.139999,157.830002
1137,158.830002,161.550003,158.929993
1138,158.860001,160.339996,160.25
1139,159.940002,160.770004,158.279999
1140,157.970001,158.490005,157.649994
1141,159.369995,161.050003,160.770004
1142,161.529999,162.470001,162.360001
1143,162.440002,165.0,164.899994
1144,164.270004,166.289993,166.169998
1145,166.600006,166.839996,165.630005
1146,164.740005,165.050003,163.759995
1147,162.429993,164.960007,164.660004
1148,161.419998,162.029999,162.029999
1149,162.350006,162.360001,160.800003
1150,161.220001,162.059998,160.100006
1151,161.630005,165.800003,165.559998
1152,164.589996,166.320007,165.210007
1153,165.089996,165.389999,165.229996
1154,166.100006,167.410004,166.470001
1155,165.800003,168.160004,167.630005
1156,166.089996,167.869995,166.649994
1157,165.050003,166.449997,165.020004
1158,165.0,165.600006,165.330002
1159,165.190002,166.309998,163.770004
1160,163.059998,165.279999,163.759995
1161,165.190002,168.559998,168.410004
1162,168.490005,169.850006,169.679993
1163,169.279999,170.449997,169.589996
1164,170.089996,170.350006,168.539993
1165,169.5,170.919998,167.449997
1166,164.889999,167.039993,165.789993
1167,170.979996,174.300003,173.570007
1168,172.479996,173.850006,173.5
1169,173.050003,173.539993,171.770004
1170,173.020004,174.029999,173.559998
1171,173.850006,174.589996,173.75
1172,173.619995,174.059998,172.570007
1173,173.160004,173.210007,172.070007
1174,171.990005,173.139999,172.070007
1175,171.710007,172.929993,172.690002
1176,173.0,175.240005,175.050003
1177,176.389999,176.389999,175.160004
1178,173.979996,174.710007,174.199997
1179,173.130005,173.380005,171.559998
1180,171.089996,172.419998,171.839996
1181,172.410004,173.899994,172.990005
1182,173.320007,175.770004,175.429993
1183,176.960007,178.990005,177.300003
1184,177.330002,179.350006,177.25
1185,177.699997,180.119995,180.089996
1186,181.029999,181.779999,180.949997
1187,182.630005,184.949997,179.580002
1188,179.970001,180.119995,179.210007
1189,178.440002,181.210007,177.820007
1190,177.899994,180.839996,180.570007
1191,181.5,182.229996,180.960007
1192,181.270004,183.889999,183.789993
1193,182.800003,184.149994,183.309998
1194,183.369995,184.389999,183.949997
1195,183.960007,186.520004,186.009995
1196,186.729996,186.990005,184.919998
1197,184.410004,186.100006,185.009995
1198,184.899994,185.410004,183.960007
1199,183.740005,187.050003,187.0
1200,185.550003,187.559998,186.679993
1201,186.830002,188.050003,185.270004
1202,185.889999,188.389999,188.059998
1203,187.929993,189.899994,189.25
1204,189.080002,190.070007,189.589996
1205,191.630005,194.479996,193.970001
1206,193.779999,193.880005,192.460007
1207,191.570007,192.979996,191.330002
1208,189.839996,192.020004,191.809998
1209,191.410004,192.669998,190.679993
1210,189.259995,189.990005,188.610001
1211,189.160004,189.300003,188.080002
1212,189.679993,191.699997,189.770004
1213,190.5,191.190002,190.539993
1214,190.229996,191.179993,190.690002
1215,191.899994,194.320007,193.990005
1216,193.350006,194.330002,193.729996
1217,193.100006,198.229996,195.100006
1218,195.089996,196.470001,193.130005
1219,194.100006,194.970001,191.940002
1220,193.410004,194.910004,192.75
1221,193.330002,194.440002,193.619995
1222,193.669998,195.639999,194.5
1223,196.020004,197.199997,193.220001
1224,194.669998,196.630005,195.830002
1225,196.059998,196.490005,196.449997
1226,196.240005,196.729996,195.610001
1227,195.039993,195.179993,192.580002
1228,191.570007,192.369995,191.169998
1229,185.520004,187.380005,181.990005
1230,182.130005,183.130005,178.850006
1231,179.690002,180.270004,179.800003
1232,180.869995,180.929993,178.190002
1233,179.479996,180.75,177.970001
1234,177.320007,178.619995,177.789993
1235,177.970001,179.690002,179.460007
1236,178.880005,179.479996,177.449997
1237,177.130005,178.539993,176.570007
1238,177.139999,177.509995,174.0
1239,50.709999,50.759998,49.689999
1240,49.849998,49.849998,49.310001
1241,49.540001,49.68,49.209999
1242,48.810001,48.900002,48.48
1243,48.950001,49.34,48.73
1244,48.810001,48.93,48.419998
1245,48.439999,48.59,48.34
1246,48.32,48.630001,48.529999
1247,48.990002,49.360001,49.279999
1248,49.459999,49.810001,49.419998
1249,49.57,49.759998,48.91
1250,49.02,49.27,49.110001
1251,49.299999,49.689999,48.810001
1252,48.889999,49.169998,48.560001
1253,48.529999,48.880001,48.41
1254,48.68,49.259998,49.049999
1255,48.369999,49.110001,49.060001
1256,48.68,50.290001,50.119999
1257,50.259998,50.549999,50.189999
1258,50.220001,51.040001,50.939999
1259,51.209999,51.330002,50.669998
1260,50.740002,50.75,49.459999
1261,49.560001,50.25,49.73
1262,49.900002,50.549999,50.509998
1263,50.700001,50.950001,50.540001
1264,50.32,50.599998,50.389999
1265,50.73,51.27,51.169998
1266,51.580002,51.68,51.43
1267,51.439999,52.349998,52.279999
1268,52.060001,52.560001,52.310001
1269,52.029999,52.119999,51.82
1270,52.07,52.290001,51.82
1271,50.919998,51.560001,51.27
1272,51.110001,51.400002,51.330002
1273,51.119999,51.299999,50.619999
1274,50.82,50.950001,50.110001
1275,50.209999,50.830002,50.799999
1276,50.52,50.849998,50.540001
1277,50.560001,50.68,50.279999
1278,50.380001,50.689999,50.310001
1279,49.23,49.27,48.040001
1280,47.610001,47.650002,46.580002
1281,46.57,47.119999,47.029999
1282,47.049999,47.450001,47.389999
1283,47.369999,47.43,47.09
1284,46.759998,46.849998,46.540001
1285,46.779999,46.799999,46.560001
1286,46.689999,47.259998,47.25
1287,47.200001,47.52,47.34
1288,46.91,47.080002,46.360001
1289,46.419998,46.549999,45.959999
1290,45.77,45.93,45.700001
1291,46.119999,46.360001,46.25
1292,46.439999,46.52,46.34
1293,45.98,46.52,46.470001
1294,46.700001,46.93,46.709999
1295,46.830002,46.849998,46.369999
1296,46.279999,46.810001,46.709999
1297,46.799999,47.259998,47.099998
1298,47.240002,47.330002,46.919998
1299,47.150002,47.759998,47.630001
1300,45.759998,48.25,48.200001
1301,48.43,49.34,49.130001
1302,49.110001,49.23,48.82
1303,48.610001,49.349998,48.91
1304,48.950001,49.0,48.41
1305,47.77,49.23,49.029999
1306,49.110001,50.09,49.860001
1307,49.990002,50.490002,50.169998
1308,49.91,50.029999,49.669998
1309,49.759998,50.09,49.740002
1310,49.869999,50.25,50.02
1311,50.220001,50.580002,50.209999
1312,49.790001,49.91,49.810001
1313,49.700001,50.139999,49.779999
1314,49.919998,50.0,49.68
1315,49.529999,49.970001,49.66
1316,49.919998,50.509998,50.48
1317,50.689999,50.939999,50.799999
1318,50.799999,51.220001,50.959999
1319,50.91,52.07,51.93
1320,52.200001,52.41,52.07
1321,51.939999,52.080002,51.549999
1322,51.380001,51.400002,50.849998
1323,50.650002,51.139999,51.119999
1324,50.639999,50.720001,50.330002
1325,50.310001,50.799999,50.209999
1326,50.310001,51.040001,50.860001
1327,50.779999,51.02,50.869999
1328,50.860001,51.27,51.209999
1329,51.880001,52.259998,51.740002
1330,51.360001,51.830002,51.82
1331,50.970001,51.57,51.509998
1332,51.07,51.189999,51.110001
1333,51.0,51.650002,50.990002
1334,51.07,51.5,51.400002
1335,51.57,52.150002,52.119999
1336,51.560001,51.93,50.740002
1337,50.689999,51.619999,51.529999
1338,50.419998,50.970001,50.380001
1339,50.200001,50.950001,50.810001
1340,50.98,51.369999,51.240002
1341,52.209999,52.439999,52.43
1342,52.060001,52.869999,52.369999
1343,52.75,53.0,52.630001
1344,52.689999,53.310001,53.110001
1345,53.189999,53.759998,53.599998
1346,53.540001,53.650002,53.220001
1347,53.599998,53.889999,53.0
1348,52.060001,52.419998,52.09
1349,51.84,52.18,52.040001
1350,52.57,52.779999,52.66
1351,52.380001,53.110001,52.580002
1352,52.490002,53.27,53.150002
1353,52.880001,53.32,52.630001
1354,52.970001,53.07,53.009998
1355,52.66,53.130001,53.060001
1356,52.900002,53.450001,52.990002
1357,53.41,54.139999,53.369999
1358,53.349998,53.950001,53.790001
1359,53.799999,54.130001,53.880001
1360,53.619999,53.73,53.349998
1361,53.189999,53.52,52.959999
1362,54.439999,55.84,54.73
1363,2.3,2.47,2.21
1364,2.2,2.35,2.25
1365,2.28,2.33,2.22
1366,2.18,2.32,2.16
1367,2.21,2.26,2.05
1368,2.0,2.13,2.07
1369,2.0,2.13,1.87
1370,1.8,1.83,1.67
1371,1.7,1.88,1.82
1372,1.92,1.93,1.75
1373,1.74,1.8,1.76
1374,1.76,1.82,1.78
1375,1.81,1.849,1.78
1376,1.78,1.79,1.59
1377,1.55,1.8,1.73
1378,1.87,2.11,1.64
1379,1.66,1.69,1.42
1380,1.35,1.41,1.35
1381,1.4,1.43,1.3
1382,1.3,1.37,1.36
1383,1.37,1.49,1.48
1384,1.55,1.56,1.44
1385,1.45,1.5,1.45
1386,1.44,1.49,1.45
1387,1.45,1.45,1.41
1388,1.38,1.58,1.47
1389,1.47,1.52,1.45
1390,1.44,1.46,1.4
1391,1.39,1.5,1.47
1392,1.46,1.51,1.48
1393,1.76,1.78,1.68
1394,1.69,1.73,1.71
1395,1.51,1.58,1.49
1396,1.5,1.54,1.51
1397,1.54,1.545,1.52
1398,1.52,1.59,1.53
1399,1.54,1.6,1.57
1400,1.59,1.71,1.66
1401,1.62,1.655,1.63
1402,1.63,1.63,1.51
1403,1.49,1.57,1.53
1404,1.53,1.545,1.5
1405,1.5,1.61,1.55
1406,1.55,1.61,1.52
1407,1.52,1.54,1.42
1408,1.44,1.45,1.39
1409,1.36,1.48,1.47
1410,1.45,1.54,1.5
1411,1.49,1.57,1.57
1412,1.55,1.56,1.52
1413,1.52,1.57,1.52
1414,1.52,1.6,1.56
1415,1.58,1.605,1.56
1416,1.57,1.58,1.57
1417,1.55,1.63,1.62
1418,1.63,1.67,1.65
1419,1.64,1.65,1.56
1420,1.57,1.6,1.59
1421,1.58,1.65,1.65
1422,1.61,1.625,1.59
1423,1.58,1.62,1.61
1424,1.6,1.64,1.63
1425,1.6,1.62,1.61
1426,1.59,1.64,1.62
1427,1.61,1.665,1.6
1428,1.59,1.62,1.62
1429,1.61,1.61,1.56
1430,1.57,1.62,1.59
1431,1.59,1.61,1.6
1432,1.56,1.63,1.62
1433,1.6,1.65,1.58
1434,1.59,1.61,1.59
1435,1.58,1.62,1.58
1436,1.59,1.62,1.57
1437,1.59,1.62,1.6
1438,1.61,1.61,1.6
1439,1.58,1.61,1.58
1440,1.58,1.61,1.59
1441,1.59,1.62,1.61
1442,1.61,1.62,1.61
1443,1.6,1.7,1.69
1444,1.69,1.805,1.74
1445,1.73,1.75,1.74
1446,1.725,1.75,1.7
1447,1.87,1.945,1.82
1448,1.83,1.85,1.81
1449,1.8,1.835,1.8
1450,1.81,1.82,1.78
1451,1.78,1.79,1.72
1452,1.75,1.81,1.75
1453,1.77,1.81,1.74
1454,1.73,1.78,1.76
1455,1.76,1.805,1.73
1456,1.72,1.78,1.78
1457,1.76,1.86,1.85
1458,1.87,1.9,1.9
1459,1.9,1.92,1.91
1460,1.94,1.98,1.97
1461,2.0,2.01,1.97
1462,1.96,1.97,1.91
1463,1.88,1.9,1.87
1464,1.86,1.905,1.84
1465,1.84,1.9,1.89
1466,1.88,1.89,1.84
1467,1.84,1.85,1.8
1468,1.72,1.8,1.8
1469,1.89,1.89,1.77
1470,1.8,1.83,1.76
1471,1.76,1.87,1.86
1472,1.84,1.87,1.8
1473,1.8,1.87,1.85
1474,1.8,1.83,1.8
1475,1.78,1.84,1.81
1476,1.8,1.82,1.78
1477,1.78,1.84,1.79
1478,1.78,1.8,1.77
1479,1.8,1.84,1.73
1480,1.73,1.79,1.73
1481,1.74,1.765,1.75
1482,1.75,1.85,1.78
1483,2.04,2.155,2.07
1484,2.09,2.22,2.11
1485,2.155,2.2,2.12
1486,2.12,2.23,2.19
1487,6.46,6.57,6.42
1488,6.4,6.58,6.54
1489,6.65,6.69,6.55
1490,6.38,6.45,6.38
1491,6.45,6.5,6.42
1492,6.46,6.7,6.6
1493,6.58,6.62,6.44
1494,6.3,6.51,6.45
1495,6.48,6.79,6.72
1496,6.8,6.97,6.68
1497,6.71,6.71,6.51
1498,6.48,6.6,6.47
1499,6.42,6.555,6.09
1500,5.9,5.92,5.58
1501,5.46,5.57,5.49
1502,5.69,5.74,5.55
1503,5.335,5.46,5.41
1504,5.35,5.54,5.45
1505,5.47,5.54,5.46
1506,5.47,5.54,5.22
1507,5.35,5.6,5.57
1508,5.79,6.03,5.56
1509,5.65,5.88,5.78
1510,5.675,5.83,5.74
1511,5.82,5.88,5.76
1512,5.74,5.79,5.59
1513,5.69,5.92,5.75
1514,5.87,5.93,5.72
1515,5.75,6.17,6.07
1516,6.14,6.275,6.03
1517,6.1,6.1,5.89
1518,5.87,5.87,5.74
1519,5.7,5.81,5.75
1520,5.69,5.92,5.91
1521,5.91,6.02,5.97
1522,6.06,6.06,5.82
1523,5.91,5.98,5.86
1524,5.99,6.03,5.92
1525,5.89,6.0,5.96
1526,6.0,6.02,5.98
1527,5.9,6.1,6.08
1528,5.98,6.045,5.92
1529,5.9,5.99,5.94
1530,5.92,5.95,5.83
1531,5.775,5.84,5.75
1532,5.81,5.88,5.67
1533,5.77,6.19,6.06
1534,6.15,6.3,6.23
1535,6.52,6.54,5.47
1536,5.26,5.3,4.905
1537,4.97,5.079,4.85
1538,4.78,4.915,4.895
1539,5.01,5.17,5.16
1540,5.18,5.49,5.47
1541,5.35,5.55,5.41
1542,5.58,5.6,5.48
1543,5.44,5.44,5.14
1544,5.17,5.22,5.02
1545,4.68,4.84,4.77
1546,4.79,4.82,4.76
1547,4.76,4.98,4.96
1548,4.98,5.135,5.07
1549,5.07,5.13,4.93
1550,4.99,5.34,5.26
1551,5.24,5.49,5.29
1552,5.2,5.33,5.31
1553,5.39,5.4,5.21
1554,5.24,5.48,5.41
1555,5.81,6.05,6.03
1556,6.2,7.02,6.94
1557,6.71,7.26,6.82
1558,7.11,7.11,7.03
1559,7.12,7.6,7.25
1560,7.18,7.755,7.65
1561,7.86,8.0,7.74
1562,7.69,8.2,8.12
1563,8.25,8.81,8.18
1564,8.46,9.3,9.16
1565,9.54,9.61,9.54
1566,9.79,10.23,9.74
1567,9.18,9.58,9.55
1568,8.91,9.18,8.6
1569,8.31,8.64,8.59
1570,8.51,8.77,8.63
1571,8.54,8.69,8.49
1572,7.91,8.29,8.28
1573,8.24,8.66,8.2
1574,8.33,8.72,8.64
1575,8.59,9.09,8.87
1576,9.07,9.28,8.71
1577,8.92,9.41,8.34
1578,8.36,8.64,8.52
1579,8.49,8.68,8.38
1580,8.23,8.26,8.1
1581,8.09,8.3,8.05
1582,8.1,8.72,8.71
1583,8.81,9.2,9.07
1584,9.34,9.39,9.2
1585,8.92,9.24,9.16
1586,9.22,9.45,9.08
1587,9.04,9.805,9.48
1588,9.55,9.74,9.57
1589,9.76,10.13,9.85
1590,9.63,9.99,9.57
1591,9.675,9.7,9.43
1592,9.44,9.56,9.45
1593,9.4,9.78,9.33
1594,9.26,9.54,9.52
1595,9.71,9.73,9.09
1596,9.36,9.6,9.55
1597,10.39,11.7,11.45
1598,11.06,11.1,10.35
1599,10.12,10.28,10.08
1600,9.92,10.17,10.05
1601,10.08,10.1,9.5
1602,9.5,9.57,9.39
1603,9.03,9.45,9.31
1604,9.27,9.27,8.99
1605,9.09,9.24,8.72
1606,8.53,8.7,8.65
1607,8.52,8.71,8.68
1608,8.6,8.6,8.37
1609,8.23,8.43,8.26
1610,8.35,8.41,8.11
1611,0.48,0.49,0.47
1612,0.47,0.47,0.46
1613,0.47,0.47,0.46
1614,0.46,0.5,0.46
1615,0.46,0.48,0.46
1616,0.48,0.48,0.46
1617,0.46,0.47,0.46
1618,0.46,0.47,0.45
1619,0.45,0.46,0.45
1620,0.45,0.46,0.45
1621,0.45,0.46,0.45
1622,0.45,0.46,0.44
1623,0.44,0.45,0.44
1624,0.44,0.44,0.42
1625,0.42,0.46,0.45
1626,0.45,0.45,0.43
1627,0.41,0.42,0.41
1628,0.42,0.42,0.41
1629,0.41,0.41,0.4
1630,0.4,0.41,0.4
1631,0.4,0.41,0.4
1632,0.4,0.4,0.4
1633,0.4,0.41,0.4
1634,0.41,0.41,0.4
1635,0.41,0.41,0.4
1636,0.4,0.4,0.4
1637,0.4,0.41,0.4
1638,0.4,0.41,0.41
1639,0.41,0.42,0.41
1640,0.41,0.42,0.41
1641,0.42,0.42,0.41
1642,0.4,0.41,0.4
1643,0.4,0.41,0.4
1644,0.4,0.41,0.4
1645,0.41,0.42,0.41
1646,0.41,0.42,0.42
1647,0.41,0.42,0.42
1648,0.42,0.45,0.44
1649,0.43,0.5,0.48
1650,0.48,0.49,0.46
1651,0.46,0.46,0.44
1652,0.45,0.46,0.45
1653,0.45,0.46,0.45
1654,0.44,0.45,0.44
1655,0.43,0.44,0.43
1656,0.43,0.44,0.43
1657,0.43,0.44,0.44
1658,0.43,0.44,0.43
1659,0.43,0.44,0.43
1660,0.42,0.44,0.44
1661,0.44,0.47,0.44
1662,0.44,0.44,0.43
1663,0.42,0.45,0.44
1664,0.44,0.49,0.49
1665,0.49,0.49,0.48
1666,0.47,0.48,0.48
1667,0.48,0.5,0.47
1668,0.46,0.48,0.48
1669,0.46,0.48,0.47
1670,0.45,0.48,0.46
1671,0.46,0.48,0.47
1672,0.47,0.48,0.46
1673,0.46,0.46,0.46
1674,0.45,0.46,0.45
1675,0.46,0.47,0.45
1676,0.46,0.46,0.45
1677,0.45,0.46,0.45
1678,0.45,0.46,0.46
1679,0.46,0.46,0.45
1680,0.45,0.46,0.44
1681,0.44,0.44,0.44
1682,0.44,0.45,0.44
1683,0.43,0.45,0.44
1684,0.44,0.45,0.45
1685,0.44,0.46,0.45
1686,0.44,0.45,0.45
1687,0.44,0.47,0.45
1688,0.45,0.45,0.44
1689,0.44,0.45,0.44
1690,0.44,0.44,0.44
1691,0.44,0.46,0.44
1692,0.44,0.46,0.44
1693,0.44,0.45,0.43
1694,0.43,0.44,0.44
1695,0.44,0.44,0.44
1696,0.43,0.44,0.43
1697,0.44,0.44,0.44
1698,0.44,0.45,0.44
1699,0.45,0.45,0.43
1700,0.44,0.44,0.43
1701,0.43,0.44,0.44
1702,0.44,0.44,0.44
1703,0.44,0.44,0.44
1704,0.44,0.45,0.44
1705,0.44,0.44,0.44
1706,0.44,0.44,0.44
1707,0.44,0.45,0.44
1708,0.45,0.45,0.44
1709,0.45,0.45,0.44
1710,0.44,0.45,0.44
1711,0.44,0.44,0.44
1712,0.44,0.44,0.44
1713,0.44,0.46,0.45
1714,0.44,0.45,0.44
1715,0.44,0.47,0.46
1716,0.46,0.47,0.46
1717,0.46,0.46,0.45
1718,0.44,0.45,0.44
1719,0.45,0.45,0.44
1720,0.45,0.45,0.44
1721,0.44,0.45,0.44
1722,0.44,0.53,0.47
1723,0.48,0.49,0.45
1724,0.45,0.46,0.45
1725,0.45,0.46,0.45
1726,0.45,0.46,0.45
1727,0.45,0.46,0.45
1728,0.45,0.45,0.45
1729,0.45,0.46,0.45
1730,0.45,0.46,0.45
1731,0.45,0.53,0.49
1732,0.52,0.52,0.5
1733,0.5,0.62,0.61
1734,0.62,0.9,0.9
1735,46.0,46.400002,45.43
1736,45.080002,45.880001,45.439999
1737,45.91,46.23,45.759998
1738,45.389999,45.700001,45.610001
1739,45.82,46.220001,45.34
1740,44.889999,45.209999,44.709999
1741,44.66,45.509998,45.220001
1742,44.900002,45.560001,45.459999
1743,45.75,45.799999,45.57
1744,45.650002,45.82,44.98
1745,44.830002,45.110001,44.389999
1746,44.43,44.91,44.889999
1747,45.0,45.34,43.84
1748,43.66,44.279999,42.950001
1749,42.369999,42.810001,42.32
1750,43.049999,43.669998,43.119999
1751,42.119999,42.549999,41.939999
1752,41.540001,43.290001,43.279999
1753,43.459999,43.459999,43.080002
1754,43.439999,43.84,43.52
1755,44.049999,44.27,43.290001
1756,43.060001,43.700001,42.630001
1757,42.93,43.73,42.990002
1758,42.650002,43.48,43.34
1759,43.610001,43.810001,43.259998
1760,43.029999,43.380001,43.220001
1761,43.619999,44.189999,44.099998
1762,44.400002,44.790001,44.450001
1763,44.43,45.290001,45.200001
1764,45.119999,45.43,45.110001
1765,45.240002,45.240002,44.0
1766,43.709999,43.869999,43.790001
1767,43.639999,43.639999,43.259998
1768,43.25,43.889999,43.830002
1769,43.990002,44.41,44.139999
1770,44.599998,44.66,43.860001
1771,43.860001,44.290001,44.139999
1772,44.0,44.529999,43.990002
1773,43.869999,44.139999,43.889999
1774,43.939999,44.02,42.98
1775,42.540001,42.630001,41.700001
1776,41.330002,41.759998,41.470001
1777,41.470001,41.630001,41.580002
1778,41.380001,41.599998,41.029999
1779,40.689999,40.84,40.419998
1780,40.32,40.810001,40.419998
1781,40.490002,40.650002,40.639999
1782,40.77,41.259998,41.259998
1783,41.209999,41.709999,41.130001
1784,40.889999,41.18,40.779999
1785,40.939999,41.470001,40.740002
1786,41.150002,43.540001,42.41
1787,42.990002,43.060001,42.759998
1788,42.849998,42.849998,41.34
1789,41.110001,41.59,41.509998
1790,41.84,42.119999,41.98
1791,41.799999,42.029999,41.630001
1792,41.759998,41.790001,41.310001
1793,41.580002,41.740002,41.32
1794,41.130001,41.970001,41.119999
1795,41.299999,42.27,41.860001
1796,41.84,42.700001,42.630001
1797,42.900002,42.950001,42.43
1798,42.540001,42.970001,42.549999
1799,42.389999,43.07,42.709999
1800,42.540001,42.540001,42.209999
1801,42.419998,44.32,44.0
1802,44.23,45.400002,45.310001
1803,45.52,46.029999,44.98
1804,44.459999,44.580002,43.84
1805,43.91,44.130001,43.369999
1806,43.720001,44.669998,44.580002
1807,44.130001,44.549999,43.619999
1808,43.299999,44.669998,44.599998
1809,44.990002,46.450001,46.34
1810,46.349998,46.779999,46.759998
1811,46.799999,47.18,46.560001
1812,46.369999,47.439999,47.369999
1813,47.5,48.459999,48.330002
1814,48.169998,48.959999,48.5
1815,48.380001,49.16,48.48
1816,48.599998,48.599998,48.009998
1817,48.0,48.040001,47.77
1818,47.59,47.970001,47.599998
1819,47.52,47.700001,47.639999
1820,47.299999,47.490002,47.23
1821,47.400002,47.939999,47.130001
1822,46.900002,47.52,47.48
1823,47.259998,47.91,47.869999
1824,48.02,49.68,49.66
1825,49.98,51.0,50.450001
1826,50.34,50.700001,50.09
1827,49.860001,50.009998,49.740002
1828,49.349998,49.700001,49.290001
1829,49.52,50.060001,49.610001
1830,49.490002,49.560001,49.380001
1831,49.759998,50.09,50.040001
1832,50.599998,50.720001,50.009998
1833,50.169998,50.669998,50.610001
1834,50.549999,50.549999,49.150002
1835,49.080002,49.529999,49.200001
1836,49.040001,49.950001,49.619999
1837,49.610001,49.830002,48.790001
1838,48.77,48.849998,47.91
1839,47.98,48.09,47.32
1840,47.43,47.790001,47.490002
1841,47.509998,48.619999,48.080002
1842,48.080002,48.119999,47.970001
1843,48.34,48.84,48.060001
1844,48.299999,48.740002,47.82
1845,47.950001,48.540001,48.5
1846,48.169998,48.630001,48.540001
1847,48.209999,48.48,48.130001
1848,47.889999,47.889999,45.880001
1849,45.84,46.209999,45.57
1850,45.639999,46.16,45.77
1851,45.389999,46.099998,46.060001
1852,46.040001,46.23,45.860001
1853,46.119999,46.709999,45.939999
1854,45.860001,46.189999,45.830002
1855,45.830002,46.360001,46.119999
1856,45.939999,46.040001,45.639999
1857,45.400002,46.029999,44.950001
1858,48.349998,49.939999,48.580002
1859,23.75,25.190001,24.809999
1860,24.809999,25.4,23.209999
1861,23.65,26.879999,26.450001
1862,25.6,25.6,24.07
1863,24.6,24.879999,24.5
1864,24.6,27.440001,26.43
1865,27.129999,27.499001,27.209999
1866,27.0,27.309999,26.08
1867,26.290001,26.9,26.26
1868,26.450001,27.246,27.030001
1869,26.85,27.0,26.75
1870,26.370001,26.4,25.1
1871,24.559999,24.92,24.01
1872,23.940001,24.360001,23.49
1873,23.49,26.228001,24.76
1874,24.799999,24.799999,23.469999
1875,23.6,23.6,22.4
1876,22.6,24.309999,24.08
1877,24.49,25.200001,24.02
1878,23.6,24.57,23.860001
1879,24.18,24.18,23.190001
1880,23.299999,23.299999,22.700001
1881,23.0,24.290001,23.870001
1882,23.190001,23.99,23.280001
1883,23.17,25.58,24.43
1884,24.83,24.93,24.6
1885,24.9,25.139999,24.629999
1886,25.120001,25.120001,23.6
1887,23.93,27.0,26.209999
1888,26.0,27.5,26.629999
1889,26.514999,26.514999,24.700001
1890,24.799999,24.959999,24.18
1891,24.58,26.200001,26.200001
1892,26.049999,26.98,26.83
1893,26.799999,27.1,26.02
1894,25.76,26.16,24.700001
1895,25.059999,25.4,22.58
1896,23.200001,23.275,22.83
1897,23.120001,24.440001,23.48
1898,23.610001,23.67,23.16
1899,22.83,24.959999,24.74
1900,24.51,25.18,24.15
1901,24.41,24.41,23.02
1902,23.02,23.309999,21.59
1903,21.209999,21.32,20.33
1904,21.68,22.49,21.57
1905,21.299999,21.77,21.43
1906,21.549999,21.775,21.440001
1907,21.549999,21.68,21.5
1908,21.469999,21.469999,20.209999
1909,20.23,20.639999,20.379999
1910,20.01,21.07,20.139999
1911,20.110001,20.26,19.719999
1912,19.84,19.959999,19.719999
1913,19.299999,19.629999,18.49
1914,18.41,18.74,17.299999
1915,17.299999,18.139999,17.82
1916,18.0,18.32,17.780001
1917,18.1,19.48,19.27
1918,19.27,19.68,19.629999
1919,19.139999,19.719999,19.33
1920,19.17,19.940001,18.200001
1921,18.59,18.98,18.700001
1922,19.01,19.08,17.85
1923,17.559999,18.48,17.540001
1924,17.18,17.83,17.74
1925,17.27,17.639999,16.959999
1926,17.219999,18.15,18.0
1927,18.27,18.27,16.959999
1928,17.08,17.43,16.16
1929,16.48,18.08,17.799999
1930,18.24,18.5,17.879999
1931,17.969999,18.0,17.02
1932,16.17,16.870001,15.76
1933,16.1,16.6,15.67
1934,15.25,15.7,15.44
1935,15.5,16.295,15.76
1936,15.78,16.43,16.040001
1937,16.32,17.76,16.879999
1938,16.91,17.85,17.469999
1939,17.65,18.4,18.08
1940,18.129999,18.754999,17.26
1941,17.02,17.02,16.110001
1942,15.99,16.639999,16.32
1943,15.99,16.35,15.9
1944,15.73,15.99,15.73
1945,15.81,16.469999,15.8
1946,16.1,16.68,16.559999
1947,16.58,16.690001,16.18
1948,16.1,16.27,16.219999
1949,16.43,16.43,16.24
1950,16.68,18.280001,18.120001
1951,17.950001,18.450001,17.33
1952,17.030001,17.41,17.26
1953,17.42,17.757,17.360001
1954,17.4,18.280001,18.049999
1955,18.18,18.290001,18.190001
1956,18.709999,19.26,18.93
1957,19.299999,20.24,19.67
1958,19.5,19.809999,19.309999
1959,19.190001,19.530001,19.49
1960,19.379999,19.709999,19.02
1961,19.139999,19.6,19.459999
1962,19.209999,19.370001,18.969999
1963,19.1,19.235001,18.610001
1964,18.549999,19.5,19.24
1965,19.700001,20.1,19.43
1966,19.309999,19.84,19.57
1967,19.92,19.969999,19.09
1968,20.1,21.0,20.540001
1969,21.0,21.209999,20.26
1970,20.01,20.42,20.07
1971,19.68,20.290001,20.059999
1972,20.290001,21.41,21.0
1973,21.200001,21.200001,21.040001
1974,21.040001,21.040001,21.0
1975,20.77,21.030001,21.030001
1976,21.030001,21.209999,21.16
1977,21.209999,21.450001,21.26
1978,20.76,21.004999,20.940001
1979,20.700001,20.92,20.860001
1980,20.860001,21.0,20.91
1981,20.5,20.950001,20.76
1982,21.889999,23.0,22.0
1983,76.309998,77.129997,72.019997
1984,72.849998,74.169998,72.540001
1985,74.150002,75.32,74.400002
1986,73.279999,73.709999,71.639999
1987,73.0,73.550003,72.5
1988,72.129997,75.510002,73.980003
1989,74.139999,77.720001,74.800003
1990,66.739998,70.43,69.580002
1991,70.0,73.830002,73.160004
1992,72.889999,74.550003,71.269997
1993,71.0,71.160004,70.110001
1994,69.610001,71.220001,70.150002
1995,70.150002,71.290001,67.43
1996,67.5,67.510002,62.52
1997,62.0,65.470001,63.509998
1998,65.279999,66.540001,65.080002
1999,63.57,63.98,62.599998
2000,62.32,63.299999,63.110001
2001,63.630001,63.860001,62.0
2002,61.630001,62.84,62.279999
2003,63.09,65.139999,63.799999
2004,63.779999,64.919998,61.189999
2005,61.939999,64.580002,62.950001
2006,62.330002,62.580002,61.299999
2007,61.98,63.029999,61.599998
2008,61.32,61.639999,60.689999
2009,62.23,64.519997,63.950001
2010,65.0,65.190002,63.560001
2011,63.43,66.279999,64.949997
2012,63.220001,64.349998,62.349998
2013,62.259998,62.509998,59.5
2014,58.599998,58.91,57.759998
2015,57.130001,58.0,57.439999
2016,56.189999,58.669998,58.279999
2017,58.52,59.490002,58.709999
2018,59.779999,60.0,56.130001
2019,56.049999,57.599998,56.849998
2020,56.75,57.369999,56.23
2021,53.91,56.889999,56.849998
2022,57.630001,57.759998,57.68
2023,56.790001,57.27,57.150002
2024,55.450001,59.110001,58.400002
2025,58.540001,60.599998,59.380001
2026,59.110001,60.259998,59.709999
2027,58.810001,58.950001,56.32
2028,57.110001,58.970001,57.400002
2029,50.700001,51.82,46.0
2030,46.09,48.459999,46.549999
2031,47.419998,48.740002,46.66
2032,46.66,47.150002,45.66
2033,45.040001,45.279999,43.259998
2034,42.75,42.860001,40.25
2035,41.119999,41.18,40.970001
2036,40.970001,41.75,41.299999
2037,40.150002,40.919998,40.860001
2038,41.48,41.860001,40.810001
2039,40.299999,40.549999,39.48
2040,39.560001,40.299999,40.09
2041,40.290001,42.5,41.950001
2042,41.459999,41.93,40.02
2043,40.189999,42.439999,42.02
2044,42.139999,43.330002,43.18
2045,43.18,44.310001,44.029999
2046,43.43,46.509998,46.32
2047,46.32,50.599998,49.970001
2048,48.389999,50.080002,49.139999
2049,48.669998,50.290001,47.939999
2050,48.150002,51.759998,51.200001
2051,52.619999,53.119999,49.830002
2052,48.540001,49.709999,48.040001
2053,48.91,49.52,48.849998
2054,49.610001,50.060001,49.060001
2055,49.0,49.0,48.900002
2056,48.57,50.43,49.48
2057,50.02,53.66,51.580002
2058,52.450001,53.650002,53.529999
2059,54.209999,54.919998,53.130001
2060,53.84,55.32,54.93
2061,56.540001,59.23,58.080002
2062,57.830002,58.0,56.490002
2063,55.23,55.990002,54.93
2064,55.189999,55.27,53.07
2065,52.52,53.220001,51.560001
2066,51.16,51.75,50.509998
2067,50.119999,51.990002,51.98
2068,50.82,51.130001,49.450001
2069,52.5,52.880001,50.799999
2070,51.009998,56.32,56.220001
2071,54.68,55.48,54.23
2072,55.369999,55.52,55.169998
2073,55.5,56.490002,55.59
2074,56.700001,57.57,56.740002
2075,67.800003,69.629997,62.990002
2076,61.0,62.450001,58.919998
2077,59.880001,65.269997,63.639999
2078,63.290001,65.349998,64.620003
2079,65.059998,65.360001,64.68
2080,65.809998,66.330002,65.260002
2081,65.970001,68.019997,67.269997
2082,66.790001,67.099998,64.470001
2083,64.489998,67.279999,66.760002
2084,65.919998,67.860001,67.540001
2085,68.550003,70.419998,67.940002
2086,67.269997,67.269997,63.439999
2087,63.990002,64.839996,63.16
2088,63.049999,63.41,62.43
2089,63.130001,63.73,62.279999
2090,61.5,63.98,63.09
2091,65.199997,65.279999,62.009998
2092,63.049999,64.330002,64.139999
2093,65.0,66.220001,65.900002
2094,65.040001,65.279999,63.25
2095,61.470001,61.810001,60.580002
2096,59.75,59.990002,58.990002
2097,58.630001,60.43,59.650002
2098,59.939999,60.0,58.950001
2099,57.240002,57.919998,57.630001
2100,57.34,57.549999,56.549999
2101,56.799999,57.290001,54.459999
2102,53.689999,55.060001,54.43
2103,53.650002,56.369999,56.189999
2104,55.610001,56.560001,54.43
2105,53.830002,54.830002,53.169998
2106,44.200001,46.77,44.099998
2107,6.475,6.8,6.22
2108,6.19,6.45,6.35
2109,6.45,6.54,6.37
2110,6.17,6.22,5.87
2111,6.04,6.12,6.01
2112,6.02,6.52,6.25
2113,6.38,6.43,6.14
2114,5.99,6.27,6.18
2115,5.975,6.48,6.34
2116,6.37,6.88,6.37
2117,6.33,6.53,6.17
2118,6.17,6.39,6.3
2119,6.19,6.3,5.53
2120,5.46,5.63,5.3
2121,5.51,6.35,6.25
2122,6.79,7.27,6.89
2123,6.82,7.08,6.69
2124,6.75,7.13,7.05
2125,7.58,8.46,8.1
2126,8.63,8.76,8.55
2127,8.47,9.17,9.07
2128,9.1,9.39,8.1
2129,8.315,9.72,9.47
2130,9.21,9.25,8.63
2131,8.74,8.745,8.04
2132,7.92,8.305,8.11
2133,8.54,9.24,9.23
2134,9.41,9.54,9.14
2135,9.25,10.1,9.99
2136,9.81,9.95,9.67
2137,9.82,9.93,9.56
2138,9.64,9.75,9.15
2139,8.971,9.39,9.16
2140,9.17,10.62,10.58
2141,10.99,12.55,12.38
2142,12.26,13.15,12.35
2143,12.69,13.86,13.5
2144,13.83,13.89,13.48
2145,12.52,12.98,12.93
2146,13.67,14.429,13.45
2147,12.56,12.905,12.11
2148,11.73,12.09,10.9
2149,11.33,11.33,10.52
2150,10.47,10.805,10.39
2151,10.33,11.14,10.71
2152,11.99,12.08,10.91
2153,11.22,11.92,11.84
2154,11.66,12.1,11.96
2155,11.6,11.639,10.52
2156,10.65,11.97,11.78
2157,11.39,11.51,10.74
2158,10.8,11.148,10.84
2159,10.83,11.685,11.54
2160,10.84,10.86,10.49
2161,10.67,11.57,11.44
2162,11.84,12.9,12.28
2163,11.944,12.1,10.71
2164,10.6,10.84,10.61
2165,10.93,11.32,11.08
2166,10.78,11.035,10.85
2167,10.66,11.61,11.53
2168,11.29,11.827,11.07
2169,11.26,11.53,11.08
2170,11.005,12.2,12.2
2171,12.39,12.611,11.28
2172,11.06,11.47,11.27
2173,11.35,11.53,11.07
2174,11.11,11.845,10.92
2175,11.71,12.797,12.03
2176,11.58,12.04,12.0
2177,11.79,12.707,12.41
2178,12.71,12.71,11.71
2179,11.29,11.61,10.68
2180,10.14,10.98,10.9
2181,10.78,11.2,10.43
2182,10.44,10.85,10.55
2183,10.71,10.78,10.33
2184,10.21,10.36,10.24
2185,10.58,10.69,10.26
2186,10.3,10.52,10.15
2187,9.8,10.13,9.97
2188,10.07,10.48,10.4
2189,10.64,11.29,11.25
2190,11.66,12.06,11.68
2191,11.75,11.97,11.24
2192,11.11,12.11,11.6
2193,11.49,12.18,10.77
2194,11.07,11.71,11.65
2195,11.42,11.98,11.54
2196,11.87,12.37,11.66
2197,12.08,12.41,11.82
2198,11.92,13.455,13.35
2199,12.82,13.86,13.59
2200,13.78,13.88,13.54
2201,13.42,15.55,15.48
2202,15.75,16.91,16.860001
2203,16.799999,17.655001,17.51
2204,18.040001,18.639999,17.65
2205,17.870001,20.530001,20.290001
2206,20.25,20.65,19.120001
2207,19.17,20.27,18.48
2208,18.09,18.855,18.280001
2209,18.639999,19.424999,18.93
2210,19.15,19.5,18.469999
2211,18.75,18.849001,18.379999
2212,17.620001,18.02,17.43
2213,17.549999,18.837999,17.950001
2214,18.030001,18.584999,18.450001
2215,19.0,19.129999,17.6
2216,18.07,18.690001,18.379999
2217,18.629999,19.190001,18.52
2218,18.129999,18.41,18.23
2219,18.200001,19.200001,17.969999
2220,17.719999,18.6,17.809999
2221,17.99,18.120001,17.110001
2222,16.99,17.040001,16.32
2223,16.809999,17.360001,17.094999
2224,17.219999,17.290001,16.34
2225,16.4,16.639999,15.0
2226,14.84,15.7,15.23
2227,15.02,15.06,14.66
2228,14.57,14.85,13.7
2229,13.42,13.53,13.1
2230,12.72,12.76,11.71
2231,189.389999,191.630005,190.449997
2232,190.839996,192.880005,191.509995
2233,191.960007,193.320007,192.410004
2234,191.119995,192.119995,190.089996
2235,190.369995,191.800003,191.220001
2236,191.240005,192.779999,191.139999
2237,190.779999,193.485001,192.710007
2238,192.460007,196.470001,195.259995
2239,195.559998,195.559998,195.259995
2240,194.899994,196.100006,194.149994
2241,194.130005,195.360001,192.509995
2242,193.130005,193.492004,191.350006
2243,191.619995,192.080002,189.860001
2244,189.600006,189.600006,187.110001
2245,185.710007,186.389999,184.649994
2246,186.75,187.800003,184.520004
2247,183.5,184.098007,182.149994
2248,181.100006,183.949997,183.949997
2249,182.940002,183.490005,183.479996
2250,184.130005,188.679993,187.729996
2251,189.100006,190.139999,188.309998
2252,188.529999,189.095001,186.740005
2253,186.740005,189.429993,187.339996
2254,186.580002,189.324997,188.360001
2255,189.229996,190.410004,190.259995
2256,189.479996,192.619995,192.380005
2257,192.529999,193.380005,192.5
2258,192.449997,194.100006,193.25
2259,193.960007,195.679993,194.850006
2260,194.580002,195.539993,194.960007
2261,194.600006,194.75,194.539993
2262,193.520004,194.600006,194.600006
2263,194.199997,195.460007,194.240005
2264,193.410004,194.380005,193.949997
2265,194.759995,198.520004,198.220001
2266,199.559998,199.559998,196.110001
2267,197.25,199.300003,198.880005
2268,198.520004,200.020004,196.990005
2269,197.490005,198.589996,194.509995
2270,195.5,200.160004,199.899994
2271,199.630005,201.720001,200.160004
2272,198.710007,199.875,198.910004
2273,199.539993,199.539993,198.669998
2274,198.270004,200.699997,199.110001
2275,198.610001,198.610001,198.550003
2276,197.419998,198.570007,197.729996
2277,197.539993,201.440002,201.389999
2278,200.850006,204.660004,200.5
2279,199.970001,205.229996,204.970001
2280,204.259995,205.270004,203.839996
2281,204.25,205.339996,201.960007
2282,200.210007,208.75,208.509995
2283,209.059998,209.817001,206.330002
2284,205.729996,206.240005,204.229996
2285,204.210007,204.210007,199.75
2286,199.169998,199.589996,193.929993
2287,192.419998,193.035004,190.229996
2288,190.009995,190.550003,189.970001
2289,189.929993,192.199997,189.220001
2290,188.690002,189.619995,188.279999
2291,188.699997,189.25,186.490005
2292,186.589996,190.520004,188.740005
2293,189.300003,189.300003,185.919998
2294,185.869995,186.289993,181.660004
2295,181.699997,182.0,180.130005
2296,180.080002,180.080002,177.929993
2297,178.259995,179.399994,177.440002
2298,178.649994,178.899994,177.410004
2299,177.449997,177.449997,175.759995
2300,175.949997,177.011002,176.649994
2301,176.669998,177.975006,177.800003
2302,178.869995,180.220001,178.410004
2303,178.070007,179.119995,178.490005
2304,178.309998,179.929993,178.089996
2305,178.169998,179.233002,176.5
2306,176.679993,179.020004,178.380005
2307,178.470001,178.585007,177.820007
2308,177.710007,178.414001,176.720001
2309,177.630005,180.410004,179.339996
2310,178.75,179.399994,178.649994
2311,178.589996,179.339996,178.919998
2312,179.259995,181.639999,180.089996
2313,179.699997,179.839996,175.5
2314,175.229996,177.429993,176.679993
2315,177.009995,180.449997,180.449997
2316,179.5,181.160004,179.289993
2317,178.619995,180.429993,179.410004
2318,179.820007,182.429993,181.869995
2319,182.0,185.179993,185.100006
2320,185.470001,189.119995,186.899994
2321,187.449997,188.380005,188.050003
2322,187.899994,188.990005,187.070007
2323,186.690002,188.479996,188.419998
2324,188.330002,192.029999,189.949997
2325,190.100006,194.580002,192.360001
2326,192.360001,196.850006,194.419998
2327,194.589996,195.279999,192.350006
2328,193.119995,194.259995,193.220001
2329,192.960007,193.949997,192.619995
2330,192.960007,193.464996,192.779999
2331,191.789993,193.190002,192.990005
2332,192.75,195.300003,194.100006
2333,192.830002,194.179993,189.800003
2334,188.860001,191.899994,191.899994
2335,192.770004,193.175003,192.850006
2336,191.990005,192.449997,190.830002
2337,189.940002,192.600006,192.210007
2338,191.580002,192.876007,191.419998
2339,191.179993,193.550003,190.100006
2340,203.0,213.539993,212.240005
2341,212.25,215.785004,212.75
2342,211.570007,213.419998,208.940002
2343,207.320007,210.699997,209.470001
2344,208.910004,212.479996,211.940002
2345,211.600006,213.830002,208.759995
2346,208.550003,214.059998,211.330002
2347,210.789993,212.125,209.25
2348,210.339996,210.339996,207.190002
2349,207.110001,208.535004,206.610001
2350,205.529999,208.300003,207.929993
2351,207.949997,209.479996,208.949997
2352,208.940002,209.380005,207.899994
2353,207.070007,208.955002,205.610001
2354,192.949997,195.815002,185.0
2355,214.850006,217.440002,215.850006
2356,215.470001,217.550003,215.550003
2357,207.800003,210.720001,210.059998
2358,205.990005,207.009995,203.990005
2359,204.990005,210.160004,205.619995
2360,204.740005,209.649994,207.410004
2361,206.880005,210.270004,208.710007
2362,206.490005,211.490005,210.770004
2363,212.0,216.619995,213.369995
2364,214.449997,215.509995,212.300003
2365,212.300003,214.130005,210.0
2366,212.429993,213.759995,212.389999
2367,215.0,215.0,210.380005
2368,210.979996,211.899994,204.509995
2369,202.190002,205.0,202.490005
2370,203.839996,207.080002,206.789993
2371,204.949997,206.639999,205.449997
2372,205.169998,211.809998,211.539993
2373,211.990005,213.509995,212.710007
2374,213.699997,213.800003,210.610001
2375,211.389999,213.070007,210.410004
2376,211.179993,212.919998,207.279999
2377,209.070007,213.070007,211.070007
2378,209.25,210.660004,210.070007
2379,212.600006,212.690002,211.0
2380,210.169998,211.289993,209.210007
2381,211.520004,220.179993,220.039993
2382,222.25,225.100006,224.399994
2383,225.630005,228.949997,228.889999
2384,226.539993,226.759995,224.899994
2385,225.300003,229.869995,228.039993
2386,228.050003,228.130005,222.820007
2387,222.5,225.770004,225.399994
2388,222.440002,224.910004,224.910004
2389,223.199997,224.75,222.649994
2390,224.889999,226.919998,224.050003
2391,225.720001,228.979996,228.940002
2392,227.199997,229.410004,227.309998
2393,226.5,226.850006,223.949997
2394,224.669998,224.899994,218.449997
2395,217.389999,217.389999,210.720001
2396,209.020004,212.399994,208.339996
2397,208.009995,210.139999,209.0
2398,208.720001,209.399994,207.0
2399,206.169998,206.169998,198.990005
2400,201.570007,201.699997,199.850006
2401,205.699997,205.759995,202.929993
2402,202.539993,204.289993,204.009995
2403,203.639999,205.100006,204.649994
2404,205.5,206.320007,198.119995
2405,198.839996,198.839996,190.289993
2406,192.899994,195.529999,190.929993
2407,192.0,192.880005,187.229996
2408,192.199997,194.050003,188.520004
2409,186.080002,189.649994,188.539993
2410,191.649994,192.860001,190.710007
2411,199.600006,199.990005,180.080002
2412,179.229996,180.179993,180.050003
2413,181.320007,186.550003,185.830002
2414,185.360001,187.509995,184.169998
2415,186.020004,188.279999,187.960007
2416,188.550003,190.990005,190.289993
2417,190.289993,194.720001,191.229996
2418,191.210007,195.589996,194.520004
2419,194.520004,195.0,190.309998
2420,189.729996,191.259995,187.990005
2421,189.899994,191.130005,184.449997
2422,184.710007,188.429993,188.190002
2423,191.559998,196.919998,196.570007
2424,197.729996,206.089996,205.940002
2425,206.0,211.550003,205.169998
2426,207.309998,208.820007,206.589996
2427,207.119995,217.970001,215.529999
2428,215.300003,216.100006,213.710007
2429,214.75,218.0,213.440002
2430,214.100006,217.899994,214.869995
2431,219.039993,219.039993,215.919998
2432,216.740005,225.009995,224.009995
2433,227.460007,231.539993,230.050003
2434,228.410004,229.699997,227.610001
2435,226.899994,229.350006,228.619995
2436,229.589996,229.589996,223.600006
2437,221.059998,223.460007,215.800003
2438,212.440002,212.520004,209.210007
2439,208.490005,211.580002,210.410004
2440,206.880005,209.660004,209.0
2441,208.649994,209.990005,202.479996
2442,203.25,206.600006,205.690002
2443,203.410004,208.5,206.110001
2444,204.110001,205.919998,204.899994
2445,206.850006,211.279999,206.5
2446,203.350006,203.559998,202.009995
2447,201.0,203.130005,202.029999
2448,199.850006,200.330002,200.059998
2449,199.800003,201.600006,198.669998
2450,198.660004,202.910004,202.110001
2451,202.25,204.220001,204.0
2452,206.899994,206.899994,206.279999
2453,208.279999,209.800003,209.119995
2454,209.100006,211.100006,205.960007
2455,207.320007,211.580002,210.899994
2456,212.300003,218.919998,217.029999
2457,221.770004,225.369995,223.0
2458,222.5,224.169998,213.309998
2459,215.149994,217.289993,215.729996
2460,216.059998,216.179993,213.289993
2461,211.270004,213.960007,212.570007
2462,214.800003,220.0,218.449997
2463,222.0,223.389999,215.179993
2464,215.580002,217.360001,216.0
2465,216.990005,218.130005,217.850006
2466,217.699997,218.270004,216.300003
2467,214.149994,214.520004,208.820007
2468,207.710007,212.789993,212.610001
2469,213.529999,214.520004,210.979996
2470,212.100006,220.160004,219.940002
2471,218.149994,220.970001,215.690002
2472,218.130005,223.179993,221.039993
2473,222.220001,224.630005,222.630005
2474,221.5,222.25,218.199997
2475,214.300003,219.169998,217.639999
2476,217.339996,219.309998,214.759995
2477,213.729996,215.440002,211.490005
2478,202.25,202.289993,195.320007
